1,2,4,38,13,25
1,2,4,38,13,25
1,2,4,38,13,25
1,2,4,38,13,25
1,2,4,38,13,25
1,2,4,38,13,25
1,2,4,38,13,25
1,2,4,38,13,25
1,2,4,38,13,25
1,2,4,38,13,25
1,2,4,38,13,25
1,2,4,38,13,25
1,2,4,38,13,25
1,2,4,38,13,25
1,2,4,38,13,25
1,2,4,38,13,25
1,2,4,38,13,25
1,2,4,38,13,25
1,2,4,38,13,25
1,2,4,38,13,18
1,2,4,38,13,18
1,2,4,38,13,18
1,2,4,38,13,18
1,2,4,38,13,18
1,2,4,38,13,18
1,2,4,38,13,18
1,2,4,38,13,18
1,2,4,38,13,18
1,2,4,38,13,18
1,2,4,38,13,18
1,2,4,38,13,18
1,2,4,38,13,18
1,2,4,38,13,18
1,2,4,38,13,18
1,2,4,38,13,18
1,2,4,38,13,18
1,2,4,38,13,18
1,2,4,38,13,18
1,2,4,38,13,8
1,2,4,38,13,8
1,2,4,38,13,8
1,2,4,38,13,8
1,2,4,38,13,8
1,2,4,38,13,8
1,2,4,38,13,8
1,2,4,38,13,8
1,2,4,38,13,8
1,2,4,38,13,8
1,2,4,38,13,8
1,2,4,38,13,8
1,2,4,38,13,8
1,2,4,38,13,8
1,2,4,38,13,8
1,2,4,38,13,8
1,2,4,38,13,8
1,2,4,38,13,8
1,2,4,38,13,8
1,2,4,38,13,30
1,2,4,38,13,30
1,2,4,38,13,30
1,2,4,38,13,30
1,2,4,38,13,30
1,2,4,38,13,30
1,2,4,38,13,30
1,2,4,38,13,30
1,2,4,38,13,30
1,2,4,38,13,30
1,2,4,38,13,30
1,2,4,38,13,30
1,2,4,38,13,30
1,2,4,38,13,30
1,2,4,38,13,30
1,2,4,38,13,30
1,2,4,38,13,30
1,2,4,38,13,30
1,2,4,38,13,30
1,2,4,38,13,3
1,2,4,38,13,3
1,2,4,38,13,3
1,2,4,38,13,3
1,2,4,38,13,3
1,2,4,38,13,3
1,2,4,38,13,3
1,2,4,38,13,3
1,2,4,38,13,3
1,2,4,38,13,3
1,2,4,38,13,3
1,2,4,38,13,3
1,2,4,38,13,3
1,2,4,38,13,3
1,2,4,38,13,3
1,2,4,38,13,3
1,2,4,38,13,3
1,2,4,38,13,3
1,2,4,38,13,3
1,2,4,38,13,7
1,2,4,38,13,7
1,2,4,38,13,7
1,2,4,38,13,7
1,2,4,38,13,7
1,2,4,38,13,7
1,2,4,38,13,7
1,2,4,38,13,7
1,2,4,38,13,7
1,2,4,38,13,7
1,2,4,38,13,7
1,2,4,38,13,7
1,2,4,38,13,7
1,2,4,38,13,7
1,2,4,38,13,7
1,2,4,38,13,7
1,2,4,38,13,7
1,2,4,38,13,7
1,2,4,38,13,7
1,2,4,38,13,17
1,2,4,38,13,17
1,2,4,38,13,17
1,2,4,38,13,17
1,2,4,38,13,17
1,2,4,38,13,17
1,2,4,38,13,17
1,2,4,38,13,17
1,2,4,38,13,17
1,2,4,38,13,17
1,2,4,38,13,17
1,2,4,38,13,17
1,2,4,38,13,17
1,2,4,38,13,17
1,2,4,38,13,17
1,2,4,38,13,17
1,2,4,38,13,17
1,2,4,38,13,17
1,2,4,38,13,17
1,2,4,38,13,22
1,2,4,38,13,22
1,2,4,38,13,22
1,2,4,38,13,22
1,2,4,38,13,22
1,2,4,38,13,22
1,2,4,38,13,22
1,2,4,38,13,22
1,2,4,38,13,22
1,2,4,38,13,22
1,2,4,38,13,22
1,2,4,38,13,22
1,2,4,38,13,22
1,2,4,38,13,22
1,2,4,38,13,22
1,2,4,38,13,22
1,2,4,38,13,22
1,2,4,38,13,22
1,2,4,38,13,22
1,2,4,38,13,2
1,2,4,38,13,2
1,2,4,38,13,2
1,2,4,38,13,2
1,2,4,38,13,2
1,2,4,38,13,2
1,2,4,38,13,2
1,2,4,38,13,2
1,2,4,38,13,2
1,2,4,38,13,2
1,2,4,38,13,2
1,2,4,38,13,2
1,2,4,38,13,2
1,2,4,38,13,2
1,2,4,38,13,2
1,2,4,38,13,2
1,2,4,38,13,2
1,2,4,38,13,2
1,2,4,38,13,2
1,2,4,38,13,38
1,2,4,38,13,38
1,2,4,38,13,38
1,2,4,38,13,38
1,2,4,38,13,38
1,2,4,38,13,38
1,2,4,38,13,38
1,2,4,38,13,38
1,2,4,38,13,38
1,2,4,38,13,38
1,2,4,38,13,38
1,2,4,38,13,38
1,2,4,38,13,38
1,2,4,38,13,38
1,2,4,38,13,38
1,2,4,38,13,38
1,2,4,38,13,38
1,2,4,38,13,38
1,2,4,38,13,38
1,2,4,38,13,5
1,2,4,38,13,5
1,2,4,38,13,5
1,2,4,38,13,5
1,2,4,38,13,5
1,2,4,38,13,5
1,2,4,38,13,5
1,2,4,38,13,5
1,2,4,38,13,5
1,2,4,38,13,5
1,2,4,38,13,5
1,2,4,38,13,5
1,2,4,38,13,5
1,2,4,38,13,5
1,2,4,38,13,5
1,2,4,38,13,5
1,2,4,38,13,5
1,2,4,38,13,5
1,2,4,38,13,5
1,2,4,38,13,4
1,2,4,38,13,4
1,2,4,38,13,4
1,2,4,38,13,4
1,2,4,38,13,4
1,2,4,38,13,4
1,2,4,38,13,4
1,2,4,38,13,4
1,2,4,38,13,4
1,2,4,38,13,4
1,2,4,38,13,4
1,2,4,38,13,4
1,2,4,38,13,4
1,2,4,38,13,4
1,2,4,38,13,4
1,2,4,38,13,4
1,2,4,38,13,4
1,2,4,38,13,4
1,2,4,38,13,4
1,2,4,38,13,12
1,2,4,38,13,12
1,2,4,38,13,12
1,2,4,38,13,12
1,2,4,38,13,12
1,2,4,38,13,12
1,2,4,38,13,12
1,2,4,38,13,12
1,2,4,38,13,12
1,2,4,38,13,12
1,2,4,38,13,12
1,2,4,38,13,12
1,2,4,38,13,12
1,2,4,38,13,12
1,2,4,38,13,12
1,2,4,38,13,12
1,2,4,38,13,12
1,2,4,38,13,12
1,2,4,38,13,12
1,2,4,38,13,14
1,2,4,38,13,14
1,2,4,38,13,14
1,2,4,38,13,14
1,2,4,38,13,14
1,2,4,38,13,14
1,2,4,38,13,14
1,2,4,38,13,14
1,2,4,38,13,14
1,2,4,38,13,14
1,2,4,38,13,14
1,2,4,38,13,14
1,2,4,38,13,14
1,2,4,38,13,14
1,2,4,38,13,14
1,2,4,38,13,14
1,2,4,38,13,14
1,2,4,38,13,14
1,2,4,38,13,14
1,2,4,38,13,19
1,2,4,38,13,19
1,2,4,38,13,19
1,2,4,38,13,19
1,2,4,38,13,19
1,2,4,38,13,19
1,2,4,38,13,19
1,2,4,38,13,19
1,2,4,38,13,19
1,2,4,38,13,19
1,2,4,38,13,19
1,2,4,38,13,19
1,2,4,38,13,19
1,2,4,38,13,19
1,2,4,38,13,19
1,2,4,38,13,19
1,2,4,38,13,19
1,2,4,38,13,19
1,2,4,38,13,19
1,2,4,38,13,1
1,2,4,38,13,1
1,2,4,38,13,1
1,2,4,38,13,1
1,2,4,38,13,1
1,2,4,38,13,1
1,2,4,38,13,1
1,2,4,38,13,1
1,2,4,38,13,1
1,2,4,38,13,1
1,2,4,38,13,1
1,2,4,38,13,1
1,2,4,38,13,1
1,2,4,38,13,1
1,2,4,38,13,1
1,2,4,38,13,1
1,2,4,38,13,1
1,2,4,38,13,1
1,2,4,38,13,1
1,2,4,38,13,35
1,2,4,38,13,35
1,2,4,38,13,35
1,2,4,38,13,35
1,2,4,38,13,35
1,2,4,38,13,35
1,2,4,38,13,35
1,2,4,38,13,35
1,2,4,38,13,35
1,2,4,38,13,35
1,2,4,38,13,35
1,2,4,38,13,35
1,2,4,38,13,35
1,2,4,38,13,35
1,2,4,38,13,35
1,2,4,38,13,35
1,2,4,38,13,35
1,2,4,38,13,35
1,2,4,38,13,35
1,2,4,38,13,26
1,2,4,38,13,26
1,2,4,38,13,26
1,2,4,38,13,26
1,2,4,38,13,26
1,2,4,38,13,26
1,2,4,38,13,26
1,2,4,38,13,26
1,2,4,38,13,26
1,2,4,38,13,26
1,2,4,38,13,26
1,2,4,38,13,26
1,2,4,38,13,26
1,2,4,38,13,26
1,2,4,38,13,26
1,2,4,38,13,26
1,2,4,38,13,26
1,2,4,38,13,26
1,2,4,38,13,26
1,2,4,38,13,16
1,2,4,38,13,16
1,2,4,38,13,16
1,2,4,38,13,16
1,2,4,38,13,16
1,2,4,38,13,16
1,2,4,38,13,16
1,2,4,38,13,16
1,2,4,38,13,16
1,2,4,38,13,16
1,2,4,38,13,16
1,2,4,38,13,16
1,2,4,38,13,16
1,2,4,38,13,16
1,2,4,38,13,16
1,2,4,38,13,16
1,2,4,38,13,16
1,2,4,38,13,16
1,2,4,38,13,16
1,2,4,38,13,0
1,2,4,38,13,0
1,2,4,38,13,0
1,2,4,38,13,0
1,2,4,38,13,0
1,2,4,38,13,0
1,2,4,38,13,0
1,2,4,38,13,0
1,2,4,38,13,0
1,2,4,38,13,0
1,2,4,38,13,0
1,2,4,38,13,0
1,2,4,38,13,0
1,2,4,38,13,0
1,2,4,38,13,0
1,2,4,38,13,0
1,2,4,38,13,0
1,2,4,38,13,0
1,2,4,38,13,0
1,2,4,38,13,13
1,2,4,38,13,13
1,2,4,38,13,13
1,2,4,38,13,13
1,2,4,38,13,13
1,2,4,38,13,13
1,2,4,38,13,13
1,2,4,38,13,13
1,2,4,38,13,13
1,2,4,38,13,13
1,2,4,38,13,13
1,2,4,38,13,13
1,2,4,38,13,13
1,2,4,38,13,13
1,2,4,38,13,13
1,2,4,38,13,13
1,2,4,38,13,13
1,2,4,38,13,13
1,2,4,38,13,13
1,2,4,38,13,29
1,2,4,38,13,29
1,2,4,38,13,29
1,2,4,38,13,29
1,2,4,38,13,29
1,2,4,38,13,29
1,2,4,38,13,29
1,2,4,38,13,29
1,2,4,38,13,29
1,2,4,38,13,29
1,2,4,38,13,29
1,2,4,38,13,29
1,2,4,38,13,29
1,2,4,38,13,29
1,2,4,38,13,29
1,2,4,38,13,29
1,2,4,38,13,29
1,2,4,38,13,29
1,2,4,38,13,29
1,2,4,38,13,10
1,2,4,38,13,10
1,2,4,38,13,10
1,2,4,38,13,10
1,2,4,38,13,10
1,2,4,38,13,10
1,2,4,38,13,10
1,2,4,38,13,10
1,2,4,38,13,10
1,2,4,38,13,10
1,2,4,38,13,10
1,2,4,38,13,10
1,2,4,38,13,10
1,2,4,38,13,10
1,2,4,38,13,10
1,2,4,38,13,10
1,2,4,38,13,10
1,2,4,38,13,10
1,2,4,38,13,10
1,2,4,38,13,40
1,2,4,38,13,40
1,2,4,38,13,40
1,2,4,38,13,40
1,2,4,38,13,40
1,2,4,38,13,40
1,2,4,38,13,40
1,2,4,38,13,40
1,2,4,38,13,40
1,2,4,38,13,40
1,2,4,38,13,40
1,2,4,38,13,40
1,2,4,38,13,40
1,2,4,38,13,40
1,2,4,38,13,40
1,2,4,38,13,40
1,2,4,38,13,40
1,2,4,38,13,40
1,2,4,38,13,40
1,2,4,38,13,21
1,2,4,38,13,21
1,2,4,38,13,21
1,2,4,38,13,21
1,2,4,38,13,21
1,2,4,38,13,21
1,2,4,38,13,21
1,2,4,38,13,21
1,2,4,38,13,21
1,2,4,38,13,21
1,2,4,38,13,21
1,2,4,38,13,21
1,2,4,38,13,21
1,2,4,38,13,21
1,2,4,38,13,21
1,2,4,38,13,21
1,2,4,38,13,21
1,2,4,38,13,21
1,2,4,38,13,21
1,2,4,38,13,6
1,2,4,38,13,6
1,2,4,38,13,6
1,2,4,38,13,6
1,2,4,38,13,6
1,2,4,38,13,6
1,2,4,38,13,6
1,2,4,38,13,6
1,2,4,38,13,6
1,2,4,38,13,6
1,2,4,38,13,6
1,2,4,38,13,6
1,2,4,38,13,6
1,2,4,38,13,6
1,2,4,38,13,6
1,2,4,38,13,6
1,2,4,38,13,6
1,2,4,38,13,6
1,2,4,38,13,6
1,2,4,38,13,15
1,2,4,38,13,15
1,2,4,38,13,15
1,2,4,38,13,15
1,2,4,38,13,15
1,2,4,38,13,15
1,2,4,38,13,15
1,2,4,38,13,15
1,2,4,38,13,15
1,2,4,38,13,15
1,2,4,38,13,15
1,2,4,38,13,15
1,2,4,38,13,15
1,2,4,38,13,15
1,2,4,38,13,15
1,2,4,38,13,15
1,2,4,38,13,15
1,2,4,38,13,15
1,2,4,38,13,15
1,2,4,38,13,34
1,2,4,38,13,34
1,2,4,38,13,34
1,2,4,38,13,34
1,2,4,38,13,34
1,2,4,38,13,34
1,2,4,38,13,34
1,2,4,38,13,34
1,2,4,38,13,34
1,2,4,38,13,34
1,2,4,38,13,34
1,2,4,38,13,34
1,2,4,38,13,34
1,2,4,38,13,34
1,2,4,38,13,34
1,2,4,38,13,34
1,2,4,38,13,34
1,2,4,38,13,34
1,2,4,38,13,34
1,2,4,38,13,41
1,2,4,38,13,41
1,2,4,38,13,41
1,2,4,38,13,41
1,2,4,38,13,41
1,2,4,38,13,41
1,2,4,38,13,41
1,2,4,38,13,41
1,2,4,38,13,41
1,2,4,38,13,41
1,2,4,38,13,41
1,2,4,38,13,41
1,2,4,38,13,41
1,2,4,38,13,41
1,2,4,38,13,41
1,2,4,38,13,41
1,2,4,38,13,41
1,2,4,38,13,41
1,2,4,38,13,41
1,2,4,38,13,27
1,2,4,38,13,27
1,2,4,38,13,27
1,2,4,38,13,27
1,2,4,38,13,27
1,2,4,38,13,27
1,2,4,38,13,27
1,2,4,38,13,27
1,2,4,38,13,27
1,2,4,38,13,27
1,2,4,38,13,27
1,2,4,38,13,27
1,2,4,38,13,27
1,2,4,38,13,27
1,2,4,38,13,27
1,2,4,38,13,27
1,2,4,38,13,27
1,2,4,38,13,27
1,2,4,38,13,27
1,2,4,38,13,23
1,2,4,38,13,23
1,2,4,38,13,23
1,2,4,38,13,23
1,2,4,38,13,23
1,2,4,38,13,23
1,2,4,38,13,23
1,2,4,38,13,23
1,2,4,38,13,23
1,2,4,38,13,23
1,2,4,38,13,23
1,2,4,38,13,23
1,2,4,38,13,23
1,2,4,38,13,23
1,2,4,38,13,23
1,2,4,38,13,23
1,2,4,38,13,23
1,2,4,38,13,23
1,2,4,38,13,23
1,2,4,38,13,37
1,2,4,38,13,37
1,2,4,38,13,37
1,2,4,38,13,37
1,2,4,38,13,37
1,2,4,38,13,37
1,2,4,38,13,37
1,2,4,38,13,37
1,2,4,38,13,37
1,2,4,38,13,37
1,2,4,38,13,37
1,2,4,38,13,37
1,2,4,38,13,37
1,2,4,38,13,37
1,2,4,38,13,37
1,2,4,38,13,37
1,2,4,38,13,37
1,2,4,38,13,37
1,2,4,38,13,37
1,2,4,38,13,42
1,2,4,38,13,42
1,2,4,38,13,42
1,2,4,38,13,42
1,2,4,38,13,42
1,2,4,38,13,42
1,2,4,38,13,42
1,2,4,38,13,42
1,2,4,38,13,42
1,2,4,38,13,42
1,2,4,38,13,42
1,2,4,38,13,42
1,2,4,38,13,42
1,2,4,38,13,42
1,2,4,38,13,42
1,2,4,38,13,42
1,2,4,38,13,42
1,2,4,38,13,42
1,2,4,38,13,42
1,2,4,38,13,33
1,2,4,38,13,33
1,2,4,38,13,33
1,2,4,38,13,33
1,2,4,38,13,33
1,2,4,38,13,33
1,2,4,38,13,33
1,2,4,38,13,33
1,2,4,38,13,33
1,2,4,38,13,33
1,2,4,38,13,33
1,2,4,38,13,33
1,2,4,38,13,33
1,2,4,38,13,33
1,2,4,38,13,33
1,2,4,38,13,33
1,2,4,38,13,33
1,2,4,38,13,33
1,2,4,38,13,33
1,2,4,38,13,11
1,2,4,38,13,11
1,2,4,38,13,11
1,2,4,38,13,11
1,2,4,38,13,11
1,2,4,38,13,11
1,2,4,38,13,11
1,2,4,38,13,11
1,2,4,38,13,11
1,2,4,38,13,11
1,2,4,38,13,11
1,2,4,38,13,11
1,2,4,38,13,11
1,2,4,38,13,11
1,2,4,38,13,11
1,2,4,38,13,11
1,2,4,38,13,11
1,2,4,38,13,11
1,2,4,38,13,11
1,2,4,38,13,28
1,2,4,38,13,28
1,2,4,38,13,28
1,2,4,38,13,28
1,2,4,38,13,28
1,2,4,38,13,28
1,2,4,38,13,28
1,2,4,38,13,28
1,2,4,38,13,28
1,2,4,38,13,28
1,2,4,38,13,28
1,2,4,38,13,28
1,2,4,38,13,28
1,2,4,38,13,28
1,2,4,38,13,28
1,2,4,38,13,28
1,2,4,38,13,28
1,2,4,38,13,28
1,2,4,38,13,28
1,2,4,38,13,31
1,2,4,38,13,31
1,2,4,38,13,31
1,2,4,38,13,31
1,2,4,38,13,31
1,2,4,38,13,31
1,2,4,38,13,31
1,2,4,38,13,31
1,2,4,38,13,31
1,2,4,38,13,31
1,2,4,38,13,31
1,2,4,38,13,31
1,2,4,38,13,31
1,2,4,38,13,31
1,2,4,38,13,31
1,2,4,38,13,31
1,2,4,38,13,31
1,2,4,38,13,31
1,2,4,38,13,31
1,2,4,38,13,24
1,2,4,38,13,24
1,2,4,38,13,24
1,2,4,38,13,24
1,2,4,38,13,24
1,2,4,38,13,24
1,2,4,38,13,24
1,2,4,38,13,24
1,2,4,38,13,24
1,2,4,38,13,24
1,2,4,38,13,24
1,2,4,38,13,24
1,2,4,38,13,24
1,2,4,38,13,24
1,2,4,38,13,24
1,2,4,38,13,24
1,2,4,38,13,24
1,2,4,38,13,24
1,2,4,38,13,24
1,2,4,38,13,36
1,2,4,38,13,36
1,2,4,38,13,36
1,2,4,38,13,36
1,2,4,38,13,36
1,2,4,38,13,36
1,2,4,38,13,36
1,2,4,38,13,36
1,2,4,38,13,36
1,2,4,38,13,36
1,2,4,38,13,36
1,2,4,38,13,36
1,2,4,38,13,36
1,2,4,38,13,36
1,2,4,38,13,36
1,2,4,38,13,36
1,2,4,38,13,36
1,2,4,38,13,36
1,2,4,38,13,36
1,2,4,38,13,9
1,2,4,38,13,9
1,2,4,38,13,9
1,2,4,38,13,9
1,2,4,38,13,9
1,2,4,38,13,9
1,2,4,38,13,9
1,2,4,38,13,9
1,2,4,38,13,9
1,2,4,38,13,9
1,2,4,38,13,9
1,2,4,38,13,9
1,2,4,38,13,9
1,2,4,38,13,9
1,2,4,38,13,9
1,2,4,38,13,9
1,2,4,38,13,9
1,2,4,38,13,9
1,2,4,38,13,9
1,2,4,38,13,20
1,2,4,38,13,20
1,2,4,38,13,20
1,2,4,38,13,20
1,2,4,38,13,20
1,2,4,38,13,20
1,2,4,38,13,20
1,2,4,38,13,20
1,2,4,38,13,20
1,2,4,38,13,20
1,2,4,38,13,20
1,2,4,38,13,20
1,2,4,38,13,20
1,2,4,38,13,20
1,2,4,38,13,20
1,2,4,38,13,20
1,2,4,38,13,20
1,2,4,38,13,20
1,2,4,38,13,20
1,2,4,38,13,39
1,2,4,38,13,39
1,2,4,38,13,39
1,2,4,38,13,39
1,2,4,38,13,39
1,2,4,38,13,39
1,2,4,38,13,39
1,2,4,38,13,39
1,2,4,38,13,39
1,2,4,38,13,39
1,2,4,38,13,39
1,2,4,38,13,39
1,2,4,38,13,39
1,2,4,38,13,39
1,2,4,38,13,39
1,2,4,38,13,39
1,2,4,38,13,39
1,2,4,38,13,39
1,2,4,38,13,39
1,2,4,38,13,32
1,2,4,38,13,32
1,2,4,38,13,32
1,2,4,38,13,32
1,2,4,38,13,32
1,2,4,38,13,32
1,2,4,38,13,32
1,2,4,38,13,32
1,2,4,38,13,32
1,2,4,38,13,32
1,2,4,38,13,32
1,2,4,38,13,32
1,2,4,38,13,32
1,2,4,38,13,32
1,2,4,38,13,32
1,2,4,38,13,32
1,2,4,38,13,32
1,2,4,38,13,32
1,2,4,38,13,32
